1,2,3,4,5,6,7,8,9
0.3881147,0.3347478,0.33297864,0.30002305,0.29031214,0.29810864,0.2914074,0.2920699,0.29059055
0.2858679,0.3257365,0.32856968,0.29999346,0.28988448,0.2980292,0.29118362,0.29182106,0.29037493
0.1309141,0.16470943,0.17995346,0.25069237,0.25085545,0.26163766,0.26084623,0.2649218,0.26169708
0.085437484,0.08361805,0.067722514,0.067743614,0.090170376,0.061315507,0.077539004,0.07198308,0.078533
0.054878205,0.045593977,0.04538853,0.040781572,0.039388537,0.040454455,0.039513372,0.03960237,0.039407715
0.05478832,0.045594018,0.045386754,0.040765446,0.039388366,0.040454406,0.03951007,0.039602213,0.03939667
0.38896292,0.3384677,0.33416745,0.29944482,0.29493538,0.29600593,0.29312977,0.28889504,0.29489815
0.28649297,0.32935628,0.32974193,0.29941523,0.29450062,0.29592782,0.29290444,0.2886487,0.2946794
0.1312003,0.1665394,0.1805957,0.25020874,0.25485015,0.2597928,0.26238823,0.26204258,0.26557612
0.083577916,0.07325816,0.06439602,0.069289625,0.07565829,0.06793476,0.07209008,0.082047924,0.06488475
0.05489676,0.046279285,0.04554996,0.040740777,0.040040474,0.040169075,0.0397439,0.039194055,0.039980724
0.054868694,0.04610012,0.0455489,0.04090003,0.040015586,0.04016957,0.039743647,0.039171826,0.039980672
0.38673556,0.3400415,0.33443567,0.29910898,0.29383105,0.29332215,0.2900372,0.29206243,0.2934185
0.28485188,0.33088812,0.330007,0.2990794,0.29339817,0.29324394,0.28981397,0.29181272,0.2932009
0.1304487,0.16731378,0.18074062,0.24992822,0.2538964,0.25743687,0.25961965,0.2649147,0.2642436
0.08884997,0.06911443,0.063644476,0.07058411,0.07914261,0.07638718,0.081880465,0.07200086,0.069577225
0.054555275,0.04632572,0.04558704,0.040657908,0.03986585,0.039805125,0.039324425,0.039608274,0.039780483
0.054558583,0.04631642,0.04558528,0.04064121,0.03986582,0.039804906,0.039324284,0.03960127,0.039780024
0.38640875,0.3365009,0.32977167,0.29925415,0.29270938,0.29510567,0.2938214,0.29081577,0.29270056
0.2846121,0.32744217,0.32540473,0.29922456,0.29227832,0.29502776,0.29359564,0.29056767,0.29248327
0.13033892,0.1655717,0.1782199,0.25005007,0.2529267,0.25900277,0.26300707,0.2637844,0.26359722
0.089614384,0.07881542,0.07638594,0.06871218,0.082633145,0.07076111,0.06990047,0.07596839,0.07185299
0.054515976,0.045834042,0.045267586,0.042096943,0.0397386,0.040055446,0.03983753,0.039432593,0.03968278
0.05451012,0.045835752,0.04494967,0.040661305,0.039713822,0.040047422,0.039837394,0.039432198,0.03968277
0.3899961,0.33851853,0.3312292,0.30028996,0.29606646,0.2966848,0.29204592,0.2954665,0.2892981
0.2872539,0.32940534,0.326843,0.30026022,0.29563043,0.2966056,0.29182136,0.29521483,0.2890835
0.1315488,0.16656463,0.17900768,0.25091478,0.25582793,0.26038778,0.26141733,0.26800326,0.26053303
0.081036344,0.07325997,0.07262282,0.06693076,0.072133094,0.06577776,0.07552158,0.061189402,0.08264302
0.055146847,0.046142478,0.045148354,0.040802546,0.040169626,0.040282696,0.03959693,0.04006294,0.0392214
0.055018768,0.046109077,0.045148287,0.040801615,0.040171754,0.04026112,0.039596625,0.040063143,0.03922138
0.3907105,0.33814636,0.33212873,0.29981104,0.29641068,0.29646125,0.29024306,0.28909743,0.2955454
0.28778008,0.32904437,0.32773015,0.2997813,0.29597405,0.29638207,0.29001963,0.28885105,0.29532608
0.13178964,0.16638185,0.17949346,0.2505142,0.25612533,0.26019207,0.25980356,0.26222584,0.26615885
0.07947139,0.07430297,0.07010524,0.068232544,0.07105761,0.06650333,0.08122873,0.08142165,0.06283311
0.055118736,0.046057954,0.04527128,0.040924534,0.040216636,0.040231224,0.03935252,0.039204463,0.04006844
0.055130605,0.04606631,0.04527143,0.040736455,0.040215764,0.0402308,0.03935214,0.039200366,0.04006844
0.38853788,0.3354769,0.33359146,0.30239528,0.29576987,0.29649553,0.28500226,0.2940076,0.29161298
0.2861797,0.326446,0.32917365,0.30236548,0.2953341,0.2964168,0.28478238,0.29375675,0.29139692
0.13105665,0.16506808,0.18028429,0.25267446,0.25557137,0.260222,0.2551123,0.2666798,0.26261798
0.084557295,0.081599325,0.06600731,0.060386904,0.07306725,0.06625134,0.097795404,0.06582633,0.07530162
0.054859374,0.04571369,0.04547287,0.04108905,0.04012885,0.04037898,0.038665697,0.039865185,0.039535277
0.054809608,0.045695335,0.045470197,0.04108823,0.040128823,0.040235482,0.038641807,0.039864972,0.039535336
0.39258307,0.3385235,0.33199283,0.29900575,0.29436645,0.2984852,0.28815243,0.29300627,0.29549888
0.28915974,0.3294108,0.3275963,0.29897666,0.29393312,0.2984057,0.28793085,0.2927562,0.29527944
0.13242146,0.1665668,0.17942041,0.2498419,0.2543587,0.2619684,0.257932,0.26577118,0.2661169
0.07502704,0.073212616,0.070485234,0.07091668,0.07744946,0.06012099,0.08784604,0.06900798,0.06298085
0.05538439,0.046179146,0.04525236,0.040627185,0.03995358,0.040514145,0.03907012,0.039729245,0.040062122
0.05542422,0.046107743,0.045252334,0.040631615,0.039938547,0.040505465,0.03906883,0.039729223,0.040062107
0.38672295,0.3374953,0.3316256,0.29998538,0.29599273,0.2919254,0.28896043,0.2933154,0.29578212
0.28484288,0.32840973,0.3272344,0.29995564,0.29555684,0.29184785,0.28873852,0.29306513,0.29556277
0.13044472,0.16606106,0.1792222,0.25066024,0.25576463,0.25621065,0.2586558,0.26605138,0.2663728
0.08887516,0.07609843,0.0715129,0.067847244,0.07236754,0.08078345,0.085287794,0.0680259,0.0620121
0.054559346,0.045967873,0.045202307,0.040790588,0.040159166,0.03961801,0.039178964,0.039771296,0.040169697
0.054555073,0.045967635,0.045202322,0.040760454,0.040159114,0.039615247,0.039178293,0.03977112,0.04010052
0.3873924,0.34209165,0.32715797,0.30023453,0.29688212,0.2950887,0.29037794,0.29097968,0.29348314
0.2853364,0.33288273,0.32282558,0.30020478,0.2964455,0.29501018,0.29015508,0.29073092,0.29326552
0.13067059,0.16832247,0.17680727,0.2508686,0.2565328,0.25898778,0.2599243,0.26393268,0.26430187
0.08725386,0.063497834,0.08402228,0.06707768,0.06943564,0.0708193,0.08078996,0.0754478,0.06937178
0.05468188,0.046612397,0.044593316,0.040817928,0.04042328,0.040049847,0.039382096,0.039454415,0.03978889
0.05466416,0.046593938,0.044593412,0.04079607,0.04028008,0.040044606,0.039370485,0.039454408,0.03978884
0.38447088,0.33391035,0.33088943,0.29802018,0.2945642,0.2956261,0.2893627,0.29172206,0.29260418
0.28318462,0.32492188,0.32650805,0.2979905,0.2941308,0.2955476,0.28914037,0.291473,0.29238737
0.12968534,0.16429724,0.17882426,0.24901813,0.2545298,0.25945905,0.25901607,0.26460624,0.2635105
0.09405466,0.08584013,0.07357239,0.07397925,0.076844215,0.06913224,0.08401122,0.073086426,0.07215832
0.054355558,0.045550834,0.04510212,0.040493403,0.03996533,0.04011753,0.03923692,0.039555836,0.03967022
0.054248884,0.04547949,0.045104075,0.04049815,0.039965536,0.040117517,0.03923287,0.03955585,0.03966964
0.38930997,0.33458284,0.33304995,0.2987593,0.2947998,0.29793087,0.28816155,0.29673567,0.29343194
0.28674874,0.3255764,0.3286394,0.29872963,0.29436615,0.29785156,0.28793982,0.2964824,0.29321435
0.13131727,0.16462813,0.17999162,0.24963616,0.25473356,0.26148227,0.25794044,0.26915374,0.26425585
0.082725465,0.08405611,0.06751456,0.071621194,0.07607674,0.06187493,0.08781795,0.0571588,0.069533624
0.05493854,0.045576356,0.04540712,0.040594403,0.040027004,0.040430266,0.039070528,0.04023519,0.03978204
0.05496039,0.045579772,0.04539644,0.040659312,0.03999733,0.04043027,0.039070264,0.040234864,0.0397819
0.38984394,0.34148964,0.3348876,0.30167133,0.29825962,0.29413372,0.2893239,0.29599547,0.29627955
0.2871414,0.33229616,0.33045223,0.30164152,0.29782054,0.29405528,0.2891014,0.29574326,0.29605934
0.13149746,0.16802643,0.18098463,0.25206956,0.25772297,0.25814912,0.25898078,0.26848283,0.26682016
0.08151669,0.06515609,0.06237234,0.062637605,0.06526302,0.073832385,0.084138855,0.059472196,0.06050509
0.055007394,0.046512693,0.045656443,0.040989403,0.040467173,0.03991508,0.039227635,0.04016838,0.04016809
0.054993566,0.046519563,0.045646917,0.040989477,0.040466685,0.03991502,0.03922758,0.040138658,0.040167946
0.38470334,0.3341409,0.33517754,0.2992252,0.297333,0.29763106,0.28765374,0.29405066,0.29291204
0.28335574,0.32514635,0.33073834,0.29919547,0.29689544,0.2975521,0.28743252,0.2938002,0.29269454
0.12976363,0.16441062,0.18114147,0.25002512,0.25692254,0.26121894,0.25748602,0.26671883,0.26378745
0.093626976,0.08524643,0.061566908,0.07023959,0.06815621,0.062818736,0.08942579,0.065687574,0.07118354
0.054274492,0.045519758,0.045686692,0.040657,0.04035254,0.040389694,0.039001144,0.039872043,0.03971135
0.05427567,0.045535464,0.04568905,0.040657453,0.04034108,0.04038976,0.039001163,0.039870903,0.039711345
0.39021075,0.34087795,0.33278972,0.298399,0.29752854,0.29871368,0.29106036,0.2927025,0.29431486
0.2874119,0.3317018,0.3283828,0.29836988,0.29709044,0.2986342,0.29083663,0.29245308,0.29409653
0.13162117,0.16772553,0.17985103,0.2493352,0.25709128,0.26216918,0.26053515,0.26549563,0.26505107
0.08060114,0.06683578,0.06825474,0.07280396,0.06755373,0.05940955,0.07863726,0.06997313,0.06673423
0.05509702,0.046429824,0.04536104,0.040546447,0.04036758,0.04053689,0.039467532,0.03968802,0.039901637
0.05505792,0.04642901,0.04536098,0.040544864,0.04036816,0.040536497,0.03946301,0.039688103,0.039901584
0.3887691,0.33954376,0.33301684,0.2973634,0.29454625,0.29593015,0.29088438,0.29621845,0.29592013
0.28635064,0.33040342,0.3286064,0.2973345,0.29411286,0.2958516,0.29066077,0.2959659,0.29570046
0.13113487,0.16706887,0.17997338,0.24846952,0.25451452,0.25972608,0.260378,0.26868477,0.26649666
0.084006876,0.07046869,0.06761472,0.0760177,0.07689694,0.068171784,0.07905795,0.058800526,0.061638333
0.054848384,0.046247218,0.04539686,0.040410534,0.039967053,0.040159155,0.039580215,0.04016474,0.04012533
0.054889742,0.04626849,0.045391932,0.040404122,0.03996283,0.04016099,0.039439138,0.04016473,0.04011917
0.3870793,0.33694813,0.3320417,0.29641807,0.2976519,0.2963612,0.2915365,0.29012462,0.29430586
0.28510568,0.32787812,0.32764462,0.29638886,0.2972138,0.29628247,0.29131204,0.2898772,0.29408753
0.13056491,0.16579191,0.17944683,0.24767968,0.25719813,0.26010418,0.26096135,0.26315752,0.26504266
0.08801335,0.07759478,0.07034881,0.078928225,0.067034386,0.066806205,0.07703694,0.0781626,0.06676094
0.05460647,0.045893345,0.045259092,0.040303476,0.040517733,0.04022922,0.039624885,0.039339624,0.039902564
0.05462984,0.045893304,0.045259014,0.04028148,0.040384263,0.040217277,0.03952757,0.03933856,0.03990035
0.38413104,0.33952105,0.33229104,0.29309657,0.29627204,0.29857653,0.2924833,0.29210573,0.2913329
0.28293422,0.33038172,0.32789102,0.29306716,0.29583576,0.29849705,0.29225913,0.29185703,0.29111704
0.12957025,0.16705799,0.17958146,0.24490392,0.2560053,0.26204875,0.26180926,0.2649546,0.2623659
0.09498241,0.069429904,0.06965062,0.08928265,0.07149064,0.05859189,0.074132085,0.0718089,0.07533729
0.0541921,0.04730799,0.04529307,0.039825138,0.040198874,0.041768186,0.039659675,0.03966697,0.040349282
0.054189906,0.046301365,0.04529307,0.03982427,0.04019702,0.040517896,0.039655976,0.039607145,0.039497387
0.38971674,0.33755705,0.32959285,0.2996939,0.29577136,0.2979818,0.29557544,0.29307303,0.29209083
0.28704828,0.32847035,0.32522863,0.29966432,0.295336,0.29790282,0.29534814,0.29282278,0.29187468
0.13145451,0.16609144,0.17812352,0.250417,0.25557283,0.26152703,0.26457644,0.2658319,0.26304835
0.081727006,0.07592636,0.07720492,0.0687813,0.07306156,0.061702155,0.06434927,0.06738988,0.07378389
0.05507492,0.04597617,0.04492519,0.040723395,0.040129095,0.040448815,0.040075216,0.04114476,0.03960261
0.05497836,0.045978237,0.044925213,0.040720638,0.040129118,0.040437266,0.040075205,0.03973829,0.03960014
0.38560307,0.33666387,0.33411986,0.30304992,0.28891143,0.29917064,0.2871782,0.29450348,0.29243535
0.28401786,0.32760116,0.3296952,0.3030201,0.2884864,0.29909116,0.28695753,0.29425204,0.2922187
0.13006695,0.16565187,0.1805698,0.25322136,0.2496452,0.2625703,0.25706002,0.267129,0.2633585
0.09148171,0.078310244,0.06452991,0.058355138,0.09454521,0.05794159,0.090930924,0.06394798,0.072687015
0.054433502,0.045915686,0.04554237,0.041176666,0.039198756,0.040627163,0.03893671,0.04023566,0.039653845
0.0543975,0.04585706,0.04554234,0.04117671,0.039212782,0.040598705,0.038936697,0.039932165,0.03964678
0.3921144,0.3381827,0.3297952,0.30319065,0.29265577,0.29754138,0.29073367,0.29066798,0.2922135
0.28881425,0.3290793,0.32542738,0.30316085,0.29222474,0.297462,0.29051015,0.29042032,0.29199687
0.13226327,0.16639963,0.17823265,0.25333878,0.25288048,0.2611399,0.2602429,0.26365036,0.26315856
0.0761569,0.07404789,0.07663909,0.057915155,0.082826264,0.063101895,0.07955849,0.076429,0.073398456
0.055322442,0.046216816,0.044952735,0.041198194,0.03970637,0.040377352,0.03953541,0.039421163,0.03961667
0.055329196,0.04607407,0.044952974,0.041197643,0.03970638,0.040377352,0.039418764,0.039412115,0.03961663
0.39107725,0.34026885,0.33302596,0.30142668,0.29247528,0.29958007,0.29258427,0.29244527,0.29266775
0.28805014,0.3311095,0.3286154,0.30139694,0.29204485,0.2995004,0.29235905,0.29219586,0.29245043
0.13191335,0.16742595,0.17997871,0.2518653,0.25272506,0.2629294,0.26189956,0.2652626,0.26356745
0.07852258,0.06850526,0.06759252,0.06339018,0.083386496,0.05665858,0.07381792,0.07078903,0.07195511
0.055259224,0.04634549,0.0453944,0.040964175,0.039686505,0.04067754,0.039669618,0.03965413,0.03968066
0.05517777,0.046345536,0.04539308,0.040956404,0.03968183,0.04065409,0.03966961,0.0396532,0.039678294
0.3906667,0.33579877,0.3308247,0.29848817,0.29223868,0.29697514,0.29200646,0.29223442,0.28922865
0.28774765,0.32675955,0.32644364,0.29845858,0.2918085,0.29689637,0.29178253,0.29198527,0.28901407
0.1317749,0.1652266,0.17878902,0.24940966,0.25252074,0.26064327,0.2613826,0.26507106,0.26047072
0.07950675,0.080733165,0.07375517,0.07251636,0.08411825,0.06487346,0.07563235,0.07145548,0.08281414
0.055147413,0.045743845,0.0450938,0.040569603,0.03966389,0.0403119,0.039604798,0.039629344,0.039260246
0.055156052,0.045737818,0.04509328,0.0405574,0.039649773,0.04030058,0.039591298,0.03962456,0.039212037
0.3866902,0.33627453,0.32694253,0.30450818,0.29336393,0.29572344,0.2940565,0.2907348,0.29189882
0.28481883,0.32722247,0.3226131,0.30447835,0.292932,0.2956449,0.2938301,0.29048654,0.2916823
0.13043354,0.16546056,0.17669094,0.25443995,0.25349268,0.2595443,0.26321712,0.26371074,0.26287472
0.088956,0.07943732,0.08462525,0.05382421,0.08056968,0.06877524,0.06915673,0.07622501,0.07439457
0.054550305,0.045803417,0.04456392,0.041375298,0.03983881,0.040181566,0.03987011,0.039421413,0.03957485
0.0545515,0.045801632,0.04456426,0.04137478,0.039802466,0.040130705,0.039869186,0.039421253,0.039574236
0.39639154,0.33425066,0.33184865,0.2976048,0.29467335,0.29447496,0.28905877,0.29215395,0.29198828
0.29196438,0.32525268,0.32745388,0.29757586,0.29423934,0.29439652,0.28883645,0.29190478,0.2917719
0.13370594,0.16446427,0.17934243,0.24867171,0.2546237,0.25844875,0.2587438,0.26499796,0.26295596
0.066065654,0.08498096,0.07088977,0.07527422,0.07649051,0.072756566,0.08496728,0.071715705,0.07411154
0.055954345,0.045525774,0.045232717,0.04043678,0.039993215,0.0399613,0.039201755,0.03961395,0.03958619
0.05591863,0.045526095,0.04523269,0.04043695,0.039980132,0.03996146,0.03919166,0.039613623,0.039586183
0.39050895,0.33794323,0.3297957,0.2973276,0.29514107,0.29463863,0.29292434,0.29218614,0.29029676
0.28763148,0.3288457,0.32542858,0.29729807,0.29470626,0.29456016,0.29269934,0.29193726,0.2900812
0.13172181,0.16628152,0.1782329,0.24843964,0.25502777,0.25859213,0.2622039,0.26502746,0.26143223
0.07995606,0.074515514,0.0766,0.076136276,0.07503771,0.0722415,0.07271204,0.07161382,0.07947005
0.05509283,0.046039604,0.044952843,0.04039907,0.040043518,0.03998397,0.039744116,0.039618094,0.039362423
0.055088248,0.046374317,0.044989523,0.040399067,0.040043518,0.039983515,0.039715756,0.039618053,0.03935684
0.3878923,0.33994028,0.33430666,0.3007364,0.293878,0.2966374,0.28817752,0.29022494,0.29216602
0.28570464,0.33078983,0.32987913,0.30070665,0.29344562,0.29655817,0.2879559,0.2899769,0.29194942
0.13083911,0.16726418,0.18067065,0.2512884,0.25393695,0.26034677,0.25795436,0.2632483,0.26311573
0.08610092,0.06940133,0.06400799,0.06554198,0.07897578,0.06594859,0.087755725,0.07783733,0.07354847
0.05473451,0.046303265,0.04556773,0.040862333,0.0398908,0.040254813,0.039084405,0.039360706,0.039610386
0.054728407,0.046300735,0.04556775,0.04086404,0.03987231,0.04025474,0.03907213,0.039352085,0.03961026
0.38906634,0.3342214,0.3335952,0.2996872,0.29808876,0.29946595,0.2889527,0.29381782,0.2941548
0.28656915,0.32522473,0.32917747,0.2996576,0.29765037,0.2993864,0.28873083,0.2935668,0.29393628
0.1312352,0.16445059,0.18028618,0.25041133,0.25757548,0.26282963,0.2586487,0.26650724,0.2649068
0.08331135,0.08504117,0.065996565,0.06880375,0.0657987,0.05704017,0.08530434,0.066425174,0.06724278
0.05490693,0.04553592,0.04547231,0.040719736,0.040443774,0.040639017,0.039186,0.039844487,0.039880075
0.054910984,0.04552606,0.04547283,0.04071971,0.040443495,0.04063859,0.03917728,0.039839227,0.039879855
0.3927318,0.33839616,0.33043835,0.2969551,0.2942105,0.29640377,0.2893987,0.29128817,0.29286453
0.28926855,0.32928613,0.32606232,0.2969262,0.29377744,0.29632458,0.2891762,0.29104024,0.29264718
0.13247134,0.16650413,0.17858009,0.24812846,0.25422427,0.26014152,0.25904784,0.26421282,0.26374468
0.074661,0.07361764,0.074838124,0.07728443,0.077916555,0.06668225,0.08389976,0.074453905,0.071309626
0.055456694,0.046093285,0.045040566,0.040356517,0.039918754,0.040224705,0.03923923,0.039508604,0.03972622
0.055411078,0.04610265,0.045040503,0.040349215,0.039952494,0.040223055,0.03923775,0.039496277,0.039706923
0.39021352,0.34023824,0.33006093,0.2982813,0.29855996,0.29407316,0.29623407,0.2909231,0.29117495
0.2874137,0.3310797,0.32569057,0.29825175,0.29812062,0.29399493,0.29600593,0.29067495,0.2909591
0.13162197,0.16741063,0.17837633,0.24923679,0.25798267,0.25809592,0.26516625,0.26388168,0.26222333
0.08048455,0.068398096,0.07589386,0.07316904,0.06432044,0.07402167,0.062264398,0.07562732,0.076688536
0.055048235,0.04634322,0.044989143,0.040532142,0.040507447,0.039907504,0.040164497,0.039446753,0.03947765
0.05521818,0.046530273,0.04498917,0.04052899,0.040508386,0.039906893,0.040164486,0.03944673,0.039475907
0.39419755,0.33966926,0.32918262,0.2976627,0.29622903,0.29790094,0.29210553,0.29502928,0.28904983
0.2903488,0.33052573,0.3248236,0.29763377,0.29579282,0.29782152,0.29188094,0.29477772,0.28883544
0.132966,0.16713099,0.17790188,0.24871983,0.25596806,0.26145568,0.26147076,0.26760662,0.26030976
0.07125671,0.07014251,0.07835339,0.07503554,0.07162774,0.06196005,0.07533035,0.06257979,0.08342896
0.055619825,0.046263866,0.04486935,0.040503222,0.040191244,0.040426504,0.039607514,0.04000358,0.039188005
0.055612072,0.04626677,0.044869307,0.040444702,0.04019109,0.040435743,0.03960469,0.040003538,0.039187815
0.38943565,0.33637312,0.32992044,0.30005246,0.29911724,0.29652542,0.29056868,0.29062727,0.2956002
0.28684112,0.32731885,0.3255514,0.30002287,0.29867706,0.29644665,0.29034516,0.2903792,0.29538077
0.13135968,0.16550915,0.17829998,0.25071648,0.25846398,0.26024875,0.26009524,0.26361343,0.26620817
0.082485504,0.079167165,0.076287165,0.06766199,0.06257482,0.066299565,0.08019798,0.07639384,0.06265704
0.05493683,0.04581663,0.04497109,0.040777065,0.040583547,0.04023996,0.03939645,0.03958,0.0400781
0.05494159,0.045815013,0.044970103,0.04076934,0.04058305,0.040239543,0.0393964,0.039406613,0.040075812
0.38733256,0.33949044,0.33051965,0.30157682,0.2947361,0.29433274,0.28757164,0.29145005,0.2935618
0.28529194,0.33035251,0.32614258,0.30154708,0.29430217,0.29425442,0.28735092,0.2912015,0.29334402
0.13065039,0.16704309,0.17862427,0.25199053,0.2546787,0.2583239,0.25741276,0.26435986,0.26437235
0.08743906,0.070592985,0.074610464,0.06290672,0.07630355,0.07320162,0.08966875,0.073924296,0.069123
0.054644022,0.046278693,0.045051534,0.041001745,0.039990686,0.039944813,0.03900612,0.03954631,0.03979948
0.054641467,0.046242278,0.04505173,0.040976558,0.039988637,0.03994197,0.03899001,0.03951824,0.039799538
0.38656893,0.3332117,0.332449,0.30076024,0.29574043,0.29602253,0.28894714,0.29304323,0.2932724
0.2847297,0.32424217,0.32804638,0.3007305,0.29530522,0.29594398,0.28872487,0.292793,0.29305485
0.13039266,0.16395344,0.17966726,0.2513081,0.25554624,0.25980735,0.25864378,0.265805,0.26411152
0.08922867,0.08781037,0.06920452,0.06546921,0.07315743,0.06784523,0.08533179,0.06887829,0.070041105
0.054543197,0.045397118,0.045316767,0.04086614,0.040125243,0.040210187,0.039176546,0.039746534,0.0397607
0.05453658,0.045385588,0.04531535,0.0408656,0.040124968,0.040171303,0.03917653,0.03973433,0.039760172
0.3914287,0.33251455,0.32957605,0.29791,0.29712445,0.29512918,0.29121542,0.2918332,0.2900037
0.2883087,0.32356378,0.3252119,0.29788047,0.29668713,0.2950502,0.29099163,0.29158413,0.2897888
0.13203175,0.16361041,0.17811455,0.24892679,0.25674242,0.25902274,0.26067388,0.26470718,0.2611685
0.0777617,0.089731805,0.077251285,0.074318625,0.068789825,0.07069757,0.07815068,0.07273554,0.080395386
0.055244777,0.0452895,0.044922974,0.040484477,0.04034304,0.04005003,0.0394841,0.03957023,0.039326176
0.055224616,0.045289278,0.044922937,0.040479317,0.040312983,0.040050037,0.039484013,0.03957017,0.039317094
0.3912391,0.33663788,0.33166793,0.3017465,0.29637617,0.29338607,0.2879679,0.29268858,0.2923774
0.2881696,0.32757545,0.32727605,0.30171672,0.29594,0.2933084,0.28774637,0.29243857,0.29216015
0.13196823,0.16563927,0.17924461,0.2521321,0.25609577,0.25749344,0.25776735,0.26548314,0.2633062
0.07820853,0.07844435,0.07139535,0.062405266,0.07116101,0.07617861,0.08843093,0.07001343,0.07287823
0.055221267,0.04585198,0.045208365,0.0409995,0.040216,0.0398199,0.03904398,0.03968625,0.039639313
0.05519283,0.045851044,0.04520802,0.040999793,0.04021115,0.039813686,0.039043684,0.03969039,0.03963905
0.3948508,0.33642545,0.3334523,0.30424288,0.29896805,0.29342666,0.29536313,0.29671368,0.29293403
0.29082924,0.3273693,0.32903656,0.3042129,0.2985281,0.29334846,0.2951357,0.29646057,0.29271668
0.1331864,0.16553456,0.1802091,0.25421798,0.25833544,0.25752893,0.26438695,0.26913413,0.26380727
0.06961311,0.07902696,0.06636238,0.05464417,0.061808787,0.07605734,0.06501064,0.05703984,0.071113005
0.055737343,0.045822117,0.04545138,0.041338723,0.041796364,0.039819658,0.0400517,0.0404203,0.039714385
0.055783246,0.04582189,0.045487743,0.04134373,0.04056286,0.03981907,0.040051356,0.040231902,0.03971435
0.38720074,0.3346174,0.32705358,0.29957268,0.29220605,0.29649612,0.29206896,0.2916155,0.2903345
0.28519508,0.3256094,0.32272246,0.29954308,0.29177636,0.29641697,0.29184487,0.29136658,0.29011956
0.13060583,0.16464494,0.17675109,0.25031564,0.25249264,0.26022232,0.26143798,0.26450944,0.26146635
0.08771859,0.08397125,0.08428968,0.06910843,0.0842342,0.06638117,0.075448364,0.073427096,0.07935519
0.054624088,0.045581136,0.04457907,0.04074984,0.039645456,0.04024741,0.039600067,0.03954102,0.039362337
0.054655664,0.04557581,0.044604678,0.040710546,0.03964533,0.040235512,0.03959983,0.039540607,0.03936194
0.38211924,0.33632818,0.3286988,0.30032396,0.29533684,0.29602942,0.28960827,0.29260194,0.29650006
0.28145206,0.3272743,0.32434583,0.30029422,0.29490197,0.2959507,0.28938547,0.29235193,0.29627982
0.12889189,0.1654868,0.17764014,0.2509433,0.25519738,0.2598133,0.25923547,0.2654045,0.26701856
0.09931455,0.07927984,0.0796835,0.06682447,0.07424423,0.067841195,0.08319498,0.07029323,0.05980605
0.054312844,0.04581836,0.04482754,0.040807858,0.04024908,0.040172424,0.03930971,0.039674375,0.04019781
0.053909667,0.04581211,0.04480334,0.040806223,0.04007009,0.040193085,0.039266106,0.039674345,0.040197775
0.38800627,0.341012,0.33415744,0.30125672,0.2939184,0.2981534,0.28874406,0.29315472,0.29478765
0.2857884,0.3318319,0.329732,0.30122694,0.29348558,0.29807392,0.2885222,0.2929049,0.29456908
0.13087769,0.1677915,0.18059011,0.25172263,0.25397205,0.26167744,0.25846204,0.26590562,0.26547644
0.0858218,0.06647157,0.064422294,0.0639273,0.07886195,0.061174195,0.08597389,0.0685361,0.06523533
0.054741018,0.046446837,0.04555115,0.040933263,0.03988458,0.04046045,0.03914899,0.039749347,0.0399657
0.05476425,0.04644659,0.045547415,0.040933352,0.039877713,0.040460438,0.039148968,0.039749343,0.039965663
0.3885031,0.34088388,0.33002883,0.30114326,0.2946993,0.29366305,0.2898899,0.29345164,0.29450458
0.28615424,0.3317077,0.32565868,0.3011135,0.29426524,0.29358461,0.28966668,0.2932013,0.29428604
0.13104527,0.16772844,0.17835903,0.2516281,0.2546463,0.25773615,0.2594874,0.26617533,0.26522171
0.08461201,0.06681177,0.0759774,0.064279824,0.07639557,0.07508312,0.082334995,0.06759196,0.066132724
0.054865286,0.046430457,0.04499125,0.040918194,0.040009093,0.040082388,0.039304737,0.039789956,0.039927315
0.054819908,0.046438064,0.044984985,0.040917505,0.0399837,0.039851114,0.039316606,0.0397896,0.039927293
0.38743395,0.3427933,0.3296962,0.3018389,0.29599488,0.29524276,0.29181838,0.29154217,0.29426816
0.28536716,0.33356556,0.32533017,0.3018091,0.29555887,0.29516423,0.29159388,0.2912936,0.29405028
0.13068466,0.16866788,0.17817913,0.2522095,0.25576642,0.2591226,0.26121405,0.26444328,0.26500928
0.087057315,0.061592348,0.076916106,0.062117536,0.072350465,0.07033845,0.07617167,0.07361316,0.06688146
0.054798,0.046689983,0.044939294,0.041012954,0.04016586,0.040065873,0.039636444,0.039577913,0.039895423
0.054658797,0.046690322,0.044939548,0.041012093,0.0401634,0.040065505,0.039565798,0.039530743,0.03989603
0.38565102,0.34196386,0.33551073,0.30231276,0.29918224,0.29728416,0.2866772,0.2938496,0.29241246
0.28405362,0.3327587,0.33106795,0.30228296,0.29874143,0.2972049,0.28645667,0.29359877,0.29219562
0.13008325,0.16825989,0.1813217,0.25260562,0.25852016,0.26091453,0.25661153,0.26653594,0.26333767
0.09139726,0.063780665,0.06063607,0.060638335,0.062372345,0.063911065,0.092517264,0.06632852,0.072766684
0.05440463,0.046658758,0.045731816,0.041083768,0.040592637,0.040342532,0.038868736,0.03984352,0.039643694
0.054409727,0.046577573,0.04573182,0.041077014,0.040591776,0.04034274,0.0388687,0.039843626,0.039643705
0.38596964,0.34026477,0.33145553,0.30189955,0.290479,0.29567057,0.29426488,0.2922942,0.29557052
0.28428766,0.33110473,0.32706645,0.30186978,0.29005116,0.29559144,0.29403856,0.2920449,0.2953512
0.13019054,0.16742359,0.17912994,0.25226018,0.25099972,0.25949785,0.26340348,0.26512557,0.2661821
0.09062104,0.06851493,0.07198483,0.061929602,0.08964786,0.06899268,0.0684979,0.07127033,0.06275247
0.054472785,0.04634717,0.045183867,0.041020367,0.03941099,0.040123675,0.039898,0.039632674,0.04007184
0.05445875,0.046344906,0.04517927,0.041020412,0.039410975,0.040123645,0.039897505,0.039632633,0.040071845
0.38751954,0.3383192,0.33149114,0.30237165,0.2974513,0.2941516,0.29054293,0.29396716,0.2901566
0.2854298,0.32921225,0.3271013,0.30234185,0.29701325,0.29407316,0.2903194,0.29371673,0.2899411
0.13071352,0.16646682,0.1791492,0.25265485,0.25702453,0.25816453,0.2600726,0.266643,0.2613064
0.08699717,0.07383026,0.071890846,0.060458492,0.067776315,0.073775575,0.08027769,0.065954216,0.07992057
0.054670375,0.046090838,0.045183953,0.041087843,0.04036231,0.03991744,0.039392974,0.039859653,0.039337832
0.05466987,0.046080075,0.04518398,0.041084662,0.040371746,0.039917737,0.03939421,0.03985958,0.03933783
0.391487,0.34088004,0.32970908,0.30128562,0.296103,0.2959459,0.29070246,0.29141405,0.29422146
0.28835234,0.33170393,0.32534298,0.30125585,0.2956671,0.2958668,0.29047856,0.29116562,0.29400298
0.13205178,0.16772692,0.1781862,0.2517473,0.25586,0.25973946,0.26021463,0.26432705,0.26496658
0.077516675,0.06682894,0.07687968,0.063836865,0.072021656,0.068125665,0.079775155,0.07406746,0.06703068
0.055234373,0.046430252,0.044941142,0.040937837,0.040174074,0.04016129,0.039414488,0.039513305,0.039888956
0.05535766,0.04642922,0.044941172,0.040936884,0.04017405,0.04016087,0.03941446,0.0395133,0.039888915
0.38946477,0.33083555,0.32949755,0.2969411,0.29803512,0.29497144,0.28772157,0.2969564,0.29663616
0.28686228,0.32192975,0.32513437,0.29691157,0.2975961,0.29489282,0.28750008,0.29670322,0.29641587
0.13136943,0.1627843,0.17807187,0.24811636,0.25752902,0.2588842,0.2575468,0.26935467,0.267141
0.08233128,0.09425126,0.07742071,0.07726841,0.06596495,0.0711842,0.089210875,0.056452584,0.0593741
0.0550325,0.04506207,0.04496223,0.040415805,0.040438283,0.040038295,0.039010357,0.04026772,0.040216263
0.054940045,0.045137376,0.044913035,0.040346526,0.040436566,0.040028777,0.039010346,0.04026483,0.040216275
0.38226837,0.3407608,0.33422685,0.30345622,0.29358447,0.29733598,0.2919198,0.2911697,0.29552102
0.28156173,0.3315877,0.32980058,0.3034264,0.2931523,0.29725707,0.2916959,0.29092136,0.29530203
0.12894203,0.16766791,0.18062744,0.25356105,0.2536833,0.2609597,0.26130494,0.2641053,0.26613742
0.09937445,0.06700074,0.064215295,0.057091344,0.07991513,0.06373599,0.075920224,0.07484345,0.062909566
0.05392818,0.046412535,0.04557254,0.041231874,0.039832335,0.040355463,0.039579663,0.039480407,0.040065266
0.053925283,0.046569496,0.045557573,0.041233182,0.039832328,0.040355604,0.039579593,0.03948022,0.04006512
0.390929,0.34024632,0.32804632,0.2989468,0.29175314,0.29858547,0.29059824,0.29143682,0.2873855
0.28794113,0.331087,0.32370204,0.2989172,0.29132375,0.298506,0.29037473,0.29118782,0.28717217
0.1318634,0.16741465,0.17728765,0.24979256,0.2521009,0.26205638,0.26012176,0.26434767,0.2588105
0.07893763,0.06856498,0.08153449,0.07091107,0.08565352,0.059813544,0.08010463,0.07386239,0.08865279
0.05517776,0.04634298,0.044714447,0.04072489,0.03958396,0.04051921,0.039400503,0.039649006,0.03901706
0.05515055,0.04634366,0.04471457,0.04070803,0.039583933,0.04051952,0.039400317,0.03951639,0.038962085
0.3915133,0.33798307,0.3316105,0.30251053,0.29498166,0.2949494,0.29416713,0.29298186,0.29212356
0.28837153,0.32888538,0.32721946,0.30248073,0.29454795,0.2948711,0.29394135,0.29273206,0.29190677
0.1320607,0.16630138,0.1792137,0.252771,0.2548904,0.2588656,0.26331675,0.26574898,0.2630773
0.07758966,0.07475727,0.07155561,0.06002936,0.07553544,0.07126312,0.06880569,0.06908539,0.0736827
0.055228658,0.046038013,0.045200393,0.041105106,0.040022418,0.04002568,0.039884664,0.03972627,0.039605044
0.055235494,0.046035238,0.0452002,0.041103423,0.040021952,0.04002578,0.039884306,0.03972587,0.039604455
0.3879361,0.3383099,0.33520153,0.2991269,0.29588217,0.2950103,0.2931935,0.2899048,0.29488707
0.2857367,0.32920247,0.33076215,0.29909733,0.29544652,0.2949324,0.29296842,0.28965744,0.29466844
0.13085385,0.1664619,0.18115442,0.24994317,0.25566846,0.25891924,0.26244494,0.26295784,0.2655666
0.08599869,0.07386671,0.061457194,0.07050922,0.07271471,0.0710703,0.07188912,0.07885296,0.064919755
0.054749954,0.04607892,0.04573436,0.04067775,0.04014412,0.040034115,0.039752223,0.039318927,0.039979197
0.0547252,0.04608027,0.045690406,0.04064525,0.04014414,0.040034045,0.0397523,0.03930864,0.03997911
0.3873192,0.3459394,0.33241025,0.29995045,0.29835373,0.29751837,0.2932492,0.2938657,0.29584938
0.28528246,0.336627,0.3280084,0.29992133,0.29791415,0.29743913,0.29302412,0.29361516,0.29563
0.13064589,0.17021598,0.17964593,0.25063154,0.2578039,0.2611201,0.2624947,0.2665506,0.2664328
0.08747537,0.052979976,0.069304384,0.06764441,0.064969435,0.06305079,0.07169963,0.06627778,0.061848056
0.054640267,0.047119208,0.045321163,0.04109493,0.040479377,0.040497508,0.039768785,0.03984586,0.040130295
0.05463704,0.04711834,0.045309246,0.040757734,0.04047946,0.040374313,0.03976344,0.039845727,0.04010959
0.3876945,0.33503258,0.3293633,0.29964033,0.2993376,0.29720992,0.29441535,0.29070678,0.29214892
0.2855586,0.32601362,0.32500136,0.29961073,0.29889673,0.29713112,0.2941889,0.29045913,0.29193172
0.13077244,0.1648495,0.17799897,0.25037226,0.25865445,0.2608494,0.2635387,0.2636853,0.2631005
0.08650233,0.082838796,0.077826545,0.06894954,0.061876506,0.064144254,0.06682794,0.076313905,0.07360351
0.054779004,0.045632243,0.044905152,0.040713362,0.040620685,0.040332485,0.041111477,0.039417803,0.03960796
0.054693636,0.045633145,0.04490464,0.040713433,0.040613342,0.040332496,0.03991797,0.039417416,0.039607916
0.38623303,0.3372937,0.33510602,0.2981941,0.2957356,0.30087945,0.28923783,0.29264066,0.29305843
0.28448233,0.3282139,0.33066842,0.29816502,0.2953003,0.30079958,0.28901574,0.29239064,0.29284093
0.1302794,0.16596179,0.18110274,0.24916382,0.2555419,0.26406953,0.2589044,0.26543927,0.26391935
0.08994581,0.07664316,0.06169125,0.073443264,0.07317291,0.05259068,0.08440968,0.070157625,0.07070679
0.054550637,0.04594576,0.04567725,0.040516872,0.040125135,0.040830355,0.039216038,0.039692327,0.039742343
0.054508463,0.045941558,0.04575482,0.040516872,0.04012424,0.040830337,0.039215986,0.039679572,0.0397313
0.38555783,0.3396611,0.33117917,0.3007273,0.2943218,0.29659396,0.29198816,0.28810027,0.29264593
0.28398466,0.33051777,0.32679346,0.30069765,0.29388863,0.29651526,0.29176348,0.28785464,0.29242924
0.13005155,0.16712694,0.17898072,0.2512809,0.2543208,0.26030865,0.2613653,0.26132157,0.26354793
0.09162746,0.07016783,0.072763786,0.065572,0.0776038,0.066073306,0.07568518,0.08443851,0.07202583
0.054390766,0.04626301,0.045141496,0.040861093,0.039932553,0.040259425,0.03960917,0.03922163,0.039675787
0.05438761,0.046262816,0.045141686,0.040861085,0.03993247,0.040248867,0.03958879,0.039064024,0.039675348
0.38613376,0.3396571,0.331964,0.3001559,0.29256016,0.29537702,0.291079,0.29447797,0.2965582
0.28440925,0.33051375,0.32756734,0.3001263,0.2921293,0.29529896,0.29085478,0.29422668,0.29633838
0.13024591,0.16712494,0.17940444,0.25080296,0.2527981,0.2592404,0.26055163,0.26710626,0.26707157
0.09023656,0.070157915,0.07056708,0.0673446,0.08312617,0.06991025,0.07858357,0.06433069,0.0596206
0.05449804,0.046262637,0.04524842,0.04078378,0.03969336,0.040089283,0.039465576,0.03992896,0.04020573
0.05447669,0.04628365,0.045248754,0.040785838,0.039693344,0.040083993,0.0394655,0.039928794,0.04020571
0.39488286,0.332591,0.33217874,0.30023167,0.295644,0.29271072,0.29056862,0.2943632,0.2934129
0.29085287,0.32363826,0.32777977,0.30020207,0.2952087,0.29263297,0.29034513,0.29411194,0.29319528
0.13319702,0.16364807,0.17952065,0.25086692,0.25546262,0.2569005,0.2600952,0.26700196,0.264239
0.06964647,0.08913472,0.06993657,0.06711108,0.07340884,0.07830789,0.08014733,0.06469737,0.06959413
0.05570825,0.045471467,0.04530552,0.040793784,0.04016357,0.039726216,0.039447337,0.039913166,0.03977936
0.05571263,0.045516416,0.045278978,0.040793836,0.04011205,0.039721895,0.039396416,0.039913148,0.039779358
0.38607416,0.33809137,0.33163515,0.30122694,0.2964298,0.2953341,0.28879645,0.29183504,0.296579
0.2843649,0.32898995,0.32724354,0.3011972,0.29599366,0.2952556,0.28857458,0.29158595,0.29635906
0.13022576,0.16635413,0.17922708,0.2516982,0.256142,0.25920275,0.25850862,0.26470882,0.26709002
0.09038758,0.07446721,0.07148536,0.06401102,0.070997454,0.070051596,0.08580785,0.07267224,0.059549715
0.05446322,0.04604885,0.045205195,0.040937774,0.040218417,0.04007784,0.03915632,0.03962766,0.040213656
0.05448424,0.046048865,0.045203567,0.04092904,0.040218636,0.040077828,0.03915606,0.039570432,0.040208545
0.39003786,0.33501706,0.32726634,0.298798,0.29410687,0.29510286,0.28713337,0.29604313,0.29486713
0.28728446,0.32599872,0.32293224,0.2987683,0.29367334,0.29502484,0.28691262,0.29579076,0.29464838
0.13156292,0.16484204,0.17686622,0.24966858,0.25413454,0.2590001,0.25701982,0.26852596,0.26554796
0.08095836,0.082848854,0.08371877,0.07156629,0.07827908,0.07077198,0.09105169,0.059355192,0.06497885
0.055023175,0.045663018,0.044608254,0.04060005,0.039903343,0.04005356,0.038952265,0.040144734,0.039980255
0.055133544,0.04563017,0.044608116,0.040598884,0.03990319,0.04004651,0.03893061,0.04014107,0.03997726
0.392478,0.33460766,0.3264647,0.29953742,0.29385385,0.29790795,0.2939937,0.292511,0.29377812
0.28908223,0.32560018,0.32214198,0.29950768,0.29342142,0.2978285,0.29376742,0.29226142,0.29356003
0.13238582,0.16464008,0.17643276,0.25028622,0.25391582,0.2614617,0.26316056,0.2653222,0.26456723
0.075307906,0.084001236,0.08596268,0.06926351,0.07907134,0.061928555,0.06935674,0.070577174,0.068437144
0.055373043,0.04557632,0.04449887,0.04070419,0.039868865,0.04044667,0.039860785,0.0396665,0.03982882
0.055373292,0.045574643,0.044498943,0.04070018,0.039868925,0.040427186,0.039860755,0.039662052,0.039828803
0.38364735,0.3340396,0.33298132,0.29718775,0.2902729,0.29640102,0.2908021,0.29315642,0.29442877
0.2825777,0.32504794,0.32857153,0.29715866,0.2898455,0.29632184,0.2905785,0.29290617,0.29421026
0.1294071,0.16436115,0.17995436,0.2483231,0.250822,0.26013887,0.26030397,0.2659071,0.2651531
0.096075125,0.08555447,0.06771844,0.07644277,0.09025266,0.06668391,0.07945924,0.068531655,0.066366635
0.054160554,0.045499206,0.04538711,0.04040203,0.039423678,0.0402227,0.039428554,0.039749574,0.039924428
0.054132503,0.045497414,0.04538722,0.04048584,0.039383095,0.04023114,0.039428014,0.039749563,0.03991698
0.3899812,0.3389846,0.32884592,0.30289322,0.29890862,0.29178867,0.29027936,0.2974451,0.28944877
0.28724274,0.32985997,0.32449096,0.30286342,0.29846904,0.29171112,0.29005608,0.29719165,0.28923354
0.13154376,0.16679421,0.17771979,0.25309056,0.25828373,0.25609133,0.25983614,0.26979747,0.26066864
0.0811529,0.07192514,0.07929516,0.05883277,0.06322872,0.081149325,0.08111397,0.05490287,0.08216572
0.055037573,0.046265054,0.04482344,0.04116179,0.04055488,0.03966268,0.039357208,0.040331587,0.03924234
0.055041697,0.046170972,0.0448241,0.04115735,0.040554743,0.039596822,0.039357092,0.040331326,0.039241824
0.38965368,0.3318635,0.33143076,0.29891405,0.29160967,0.29583266,0.29478848,0.29164675,0.29520062
0.28700224,0.3229293,0.32704172,0.29888448,0.29118037,0.29575354,0.29456145,0.29139814,0.29498136
0.13143341,0.16328989,0.17911646,0.24976546,0.25197685,0.25964046,0.26387247,0.2645384,0.26584855
0.08196395,0.09151268,0.0720501,0.07088589,0.08609879,0.068482414,0.066840865,0.07332646,0.063926436
0.05497125,0.045201086,0.04517846,0.040910736,0.039570488,0.04014561,0.0399685,0.039545976,0.040021583
0.054975256,0.04520345,0.045182597,0.04063963,0.039564416,0.040145554,0.039968498,0.03954485,0.040022153
0.3886282,0.34219298,0.3308494,0.2997261,0.29571947,0.2945584,0.28706595,0.29480788,0.2930899
0.2862464,0.3329813,0.32646763,0.29969636,0.2952843,0.29447982,0.28684536,0.29455712,0.29287237
0.13108718,0.16837257,0.17880212,0.25044385,0.25552806,0.25852188,0.25695997,0.26740575,0.26394755
0.08415714,0.063237295,0.073687755,0.06867618,0.07322377,0.07239239,0.091285944,0.06323646,0.07061806
0.055051945,0.046608772,0.04509648,0.040732052,0.040122516,0.04007458,0.03892151,0.040019043,0.0397363
0.05482913,0.04660792,0.045096483,0.04072504,0.040122304,0.03997265,0.03892146,0.039973516,0.039735474
0.3916263,0.34244338,0.33522817,0.30034512,0.2936841,0.2942788,0.2923995,0.29151464,0.2896863
0.28845468,0.33322486,0.33078817,0.30031598,0.2932519,0.2941999,0.29217428,0.29126605,0.28947127
0.13209866,0.16849582,0.18116845,0.25096124,0.25376973,0.25827622,0.26173404,0.2644182,0.26088247
0.07729153,0.062540606,0.06142811,0.06675775,0.0796011,0.073336795,0.074391276,0.07374679,0.081411466
0.055283587,0.046653736,0.04569351,0.0408099,0.039846007,0.039973322,0.039656464,0.03952704,0.0392741
0.055245474,0.04664204,0.045693416,0.040809106,0.03984699,0.03993466,0.039644543,0.03952696,0.039274123
0.38875932,0.33831102,0.33158168,0.29961795,0.29934913,0.2942264,0.28964886,0.290808,0.29348758
0.28634268,0.32920432,0.3271908,0.2995888,0.29890832,0.29414797,0.2894263,0.2905597,0.29326984
0.13113166,0.16646247,0.17919835,0.25035405,0.25866443,0.25823087,0.25927234,0.2637773,0.26430622
0.08407846,0.07386428,0.07163593,0.068970785,0.06184858,0.07353753,0.08310273,0.0759933,0.06935519
0.054842185,0.046078905,0.045196984,0.040757854,0.040615708,0.039929844,0.039277803,0.039431088,0.039791264
0.05484624,0.04607883,0.045196347,0.04071035,0.040614467,0.039927553,0.039271872,0.039431285,0.039789468
0.39113486,0.33412084,0.33125868,0.29913908,0.29660344,0.29338717,0.28910604,0.28902468,0.29257143
0.28809312,0.3251266,0.32687184,0.29910985,0.29616663,0.29330876,0.28888312,0.28877845,0.29235473
0.13193321,0.16440098,0.17902355,0.24995358,0.2562922,0.25749388,0.25878552,0.26215947,0.26348096
0.078472026,0.08533253,0.07253908,0.070490226,0.07045327,0.076169215,0.08481986,0.08165866,0.07225759
0.055175632,0.0455082,0.04515522,0.040661298,0.04024257,0.0398269,0.039207365,0.039189346,0.039670166
0.05519058,0.04551053,0.045152284,0.040645294,0.040241987,0.03981368,0.039197993,0.039189365,0.039665256
0.38001916,0.33729693,0.33054158,0.2999871,0.29792392,0.29552972,0.29491493,0.2913446,0.29131347
0.27990538,0.3282171,0.32616448,0.29995736,0.2974856,0.2954512,0.29468837,0.2910962,0.2910972
0.12818354,0.1659636,0.1786362,0.25066167,0.25743282,0.2593744,0.26398596,0.2642643,0.26234803
0.10462833,0.076579094,0.07454799,0.06787256,0.06631495,0.06943581,0.06643864,0.07428671,0.07617221
0.053628284,0.046001725,0.045054987,0.040760446,0.040421147,0.040104404,0.039986067,0.03950397,0.0395745
0.053634457,0.045941062,0.045054726,0.040760558,0.040421147,0.04010439,0.03998567,0.039504234,0.039494663
0.38916466,0.33854833,0.33382878,0.30286905,0.29984516,0.29263797,0.29505074,0.29137856,0.2942989
0.28664163,0.3294348,0.32940808,0.30283925,0.29940403,0.29256037,0.29482368,0.29113,0.2940804
0.13126822,0.16657911,0.1804128,0.25306976,0.2590928,0.2568365,0.26410705,0.2642948,0.26503643
0.08310217,0.07321539,0.0653394,0.058917757,0.060294114,0.07852081,0.06598748,0.07417924,0.06677396
0.054901708,0.04611131,0.045508124,0.041152447,0.040681824,0.039732438,0.040026564,0.03950871,0.039911058
0.054921906,0.046111662,0.045502584,0.041152056,0.040681776,0.039711982,0.040004373,0.039508555,0.03989936
0.39036867,0.3362111,0.3318369,0.29955682,0.29419354,0.2952843,0.28816333,0.29106557,0.2963302
0.28752816,0.32716072,0.32744223,0.29952723,0.2937603,0.29520565,0.28794137,0.2908171,0.29611
0.13167429,0.16542928,0.17933597,0.25030228,0.2542094,0.25915912,0.25794205,0.26401114,0.26686594
0.0802766,0.079586305,0.0709223,0.06920908,0.07800632,0.070209496,0.087771714,0.075158745,0.060185473
0.055075433,0.045819685,0.045231104,0.04070229,0.039915558,0.040071122,0.03911138,0.039481714,0.040333766
0.055076864,0.04579314,0.045231026,0.040702038,0.039915077,0.040071085,0.039070144,0.039466087,0.040174764
0.38619858,0.33697787,0.3328064,0.29684132,0.29729608,0.29970413,0.2907458,0.2876391,0.29566687
0.28445694,0.3279063,0.32839888,0.29681224,0.29685822,0.29962456,0.29052225,0.28739396,0.29544798
0.13026762,0.16580667,0.17986001,0.24803393,0.25689036,0.2630383,0.26025367,0.26090303,0.26626876
0.09001583,0.07724781,0.06820667,0.077645406,0.06823988,0.05624999,0.07963631,0.08605804,0.062444754
0.05448527,0.046156425,0.045364406,0.040333964,0.04037906,0.04071171,0.039420784,0.039004706,0.04008742
0.05457638,0.045904383,0.045363273,0.04033302,0.040335953,0.040670894,0.039420474,0.039001558,0.040084887
0.3898384,0.33133897,0.3358741,0.29963973,0.29916066,0.2959299,0.2865105,0.29469627,0.29168153
0.28713813,0.32241935,0.3314259,0.29961047,0.29872036,0.2958509,0.28629002,0.29444498,0.29146546
0.13149548,0.16303197,0.18151802,0.2503722,0.2585013,0.2597258,0.25646234,0.2673043,0.2626795
0.081528544,0.09295126,0.059618328,0.06879312,0.062432926,0.06817573,0.092828244,0.063636996,0.075083666
0.054995976,0.045129433,0.04578194,0.04087145,0.04059565,0.040158737,0.039063156,0.039959244,0.039544795
0.055003002,0.045129605,0.045781434,0.040713377,0.040588904,0.040158674,0.03884609,0.03995835,0.03954459
0.3905594,0.33743057,0.32975072,0.29915872,0.29616645,0.29582974,0.29096207,0.29235783,0.29337075
0.28766885,0.32834703,0.3253838,0.29912916,0.29573023,0.29575104,0.29073834,0.2921085,0.29315257
0.13173884,0.16602887,0.17820854,0.24996996,0.2559141,0.2596378,0.2604473,0.26518297,0.26420048
0.07971465,0.07624792,0.07676187,0.070445426,0.07182391,0.06849118,0.07895228,0.071067974,0.06972355
0.0551781,0.04597097,0.044948332,0.040648088,0.040182754,0.040145386,0.039450277,0.039641436,0.03977951
0.055140257,0.045974992,0.044946954,0.04064791,0.04018262,0.04014513,0.039449707,0.03964133,0.03977347
0.3895648,0.3388076,0.33327034,0.2981814,0.2966833,0.297458,0.29282597,0.2928675,0.29156303
0.2869367,0.32968715,0.32885668,0.29815233,0.29624677,0.29737917,0.292601,0.29261807,0.29134652
0.13140348,0.16670676,0.18011044,0.24915339,0.256361,0.26106694,0.262116,0.2656459,0.262573
0.08217453,0.07250556,0.066909365,0.073479965,0.070200644,0.06336392,0.073052034,0.06943514,0.07546103
0.054954674,0.046146784,0.045426466,0.040516708,0.040255595,0.040366285,0.039702423,0.039719842,0.039528456
0.054965988,0.046146356,0.045426488,0.040515672,0.040252842,0.04036612,0.0397024,0.039713547,0.039528456
0.39530987,0.3385783,0.33254895,0.303157,0.29078925,0.2959638,0.28836855,0.29306105,0.2972228
0.29116765,0.32946458,0.3281445,0.3031272,0.29036114,0.29588467,0.2881468,0.29281083,0.29700226
0.133341,0.16659404,0.17972043,0.25331077,0.25126794,0.25975543,0.25812575,0.26582068,0.26766965
0.06863319,0.073120564,0.068929754,0.057993654,0.08844275,0.06806977,0.08716142,0.068834595,0.057513177
0.055773333,0.046117194,0.04532828,0.04122018,0.03968444,0.040163342,0.039098762,0.039736636,0.040295877
0.055774756,0.046125103,0.045328166,0.041191198,0.039453894,0.04016333,0.039098054,0.039736584,0.04029583
0.38928664,0.33706746,0.3283617,0.30315217,0.2932024,0.29781067,0.2884778,0.29626814,0.29810572
0.2867311,0.32799432,0.32401294,0.30312234,0.2927708,0.29773125,0.28825602,0.29601574,0.2978849
0.1313092,0.16585086,0.1774579,0.25330642,0.25335288,0.26137665,0.2582238,0.26873043,0.2684652
0.08268067,0.0772268,0.08064915,0.05803724,0.08111217,0.062253036,0.08680694,0.058640376,0.05471353
0.05491697,0.04594697,0.044760592,0.04119106,0.039781053,0.040413983,0.039117113,0.04017393,0.040415555
0.055075794,0.045913942,0.04475818,0.04119077,0.039780587,0.040413972,0.039117873,0.040171538,0.040415544
0.38989988,0.33314845,0.33171776,0.29690236,0.2946499,0.29455754,0.29427534,0.29695925,0.29261413
0.28718287,0.3241807,0.3273249,0.29687282,0.29421645,0.29447967,0.29404932,0.29670593,0.2923968
0.13151617,0.16392228,0.17927153,0.24808459,0.2546042,0.25852165,0.2634135,0.26935646,0.26351944
0.08133483,0.08798697,0.07125543,0.077455096,0.076575264,0.0724958,0.06846409,0.056430545,0.072127625
0.055056546,0.045376126,0.045214914,0.040344007,0.039976977,0.03997272,0.039898958,0.040271897,0.039671022
0.055010196,0.045385152,0.045214906,0.040341463,0.039976947,0.03997251,0.039898947,0.040275853,0.039671
0.39044595,0.3390391,0.33317205,0.30379197,0.29400387,0.2974275,0.2891067,0.29021332,0.29772696
0.28758475,0.32991195,0.3287595,0.303762,0.29357085,0.29734874,0.2888846,0.2899659,0.29750586
0.13170028,0.16682053,0.18005769,0.25384128,0.25404552,0.2610404,0.2587869,0.26323798,0.2681237
0.08009669,0.07187215,0.06718435,0.056049403,0.07858955,0.06342956,0.08482519,0.07788187,0.055912435
0.0550927,0.04617797,0.04541314,0.04127755,0.039890226,0.04039111,0.039198246,0.03935062,0.040366936
0.05508014,0.046177957,0.045413237,0.041277952,0.039899834,0.04036203,0.039198212,0.03935058,0.040364157
0.38844854,0.33971173,0.33039558,0.30513376,0.29151118,0.29823753,0.29268858,0.29457086,0.2906603
0.28611413,0.3305673,0.3260204,0.30510333,0.29108217,0.29815763,0.29246336,0.2943191,0.29044452
0.1310267,0.16715184,0.17855723,0.25496194,0.2518919,0.26175085,0.26199254,0.26719004,0.26175976
0.08478333,0.0699736,0.07495303,0.05188136,0.08641277,0.06091051,0.07348643,0.06402447,0.07830799
0.0548238,0.04632586,0.04503867,0.04145975,0.03955158,0.040471956,0.039684102,0.039954137,0.039421074
0.054804146,0.046269607,0.04503467,0.04146022,0.039551076,0.0404719,0.039684642,0.03994136,0.039406117
0.37994978,0.34352532,0.3342065,0.29798627,0.2936919,0.295488,0.2912521,0.29108796,0.29061016
0.27985442,0.33427775,0.32978082,0.2979567,0.29325956,0.2954095,0.2910283,0.2908396,0.29039416
0.12816024,0.16902822,0.18061696,0.24898984,0.2537758,0.259338,0.26070663,0.26403096,0.26171476
0.1048008,0.059579507,0.06428661,0.07408975,0.07957833,0.069543205,0.07803475,0.07509367,0.07847227
0.053607754,0.046788976,0.045554124,0.04048859,0.03984728,0.04012229,0.039488982,0.03947922,0.039409187
0.05362724,0.046800397,0.045554113,0.040488653,0.039846983,0.04009876,0.039489448,0.039469074,0.03939934
0.393492,0.3418703,0.33584806,0.30347976,0.2979795,0.29950115,0.2926188,0.29567745,0.29646456
0.28982887,0.33266738,0.33139995,0.30344993,0.29754066,0.299421,0.29239357,0.29542473,0.29624432
0.13272816,0.16821368,0.18150361,0.2535804,0.25748125,0.26285973,0.2619299,0.26819405,0.26698706
0.07257302,0.063548096,0.05957816,0.05645069,0.06582003,0.05660778,0.07341035,0.06011958,0.05974086
0.055726092,0.046892654,0.045844097,0.04167651,0.040729165,0.04095479,0.039966036,0.0404872,0.040368717
0.055651803,0.046808045,0.04582603,0.041363154,0.040449403,0.0406554,0.03968143,0.040097397,0.04019417
0.38754663,0.33693007,0.33082968,0.29945973,0.29458138,0.2955285,0.28981146,0.29204682,0.2927134
0.2854497,0.32786018,0.3264487,0.29943013,0.29414797,0.2954495,0.2895889,0.29179755,0.29249611
0.13072263,0.16578288,0.17879169,0.2502217,0.2545449,0.25937295,0.25941733,0.26490095,0.2636088
0.086931944,0.07764432,0.073741704,0.069510154,0.07678969,0.06944058,0.082594916,0.07205658,0.071813
0.05467058,0.045890737,0.045093864,0.040688798,0.039967656,0.04010424,0.039293658,0.03959911,0.039684415
0.054677725,0.045892294,0.045093983,0.04068904,0.039967682,0.04010425,0.03929366,0.039599106,0.039684415
0.38713306,0.33648506,0.33075806,0.29903957,0.29345274,0.29499498,0.288408,0.29116562,0.29185385
0.28514558,0.32742706,0.32637745,0.29900998,0.29302067,0.29491603,0.28818646,0.29091713,0.29163682
0.1305833,0.16556387,0.17875287,0.2498704,0.25356972,0.25890473,0.25816122,0.26410186,0.26283428
0.087890305,0.07885867,0.07394268,0.07081293,0.0803262,0.071119525,0.08703585,0.07485529,0.07453856
0.054634802,0.045835093,0.045084495,0.040634267,0.039816417,0.040033456,0.039104804,0.039481245,0.03956845
0.05461318,0.045830205,0.04508398,0.040631764,0.03981445,0.040031828,0.039103396,0.03947962,0.039567836
0.38428697,0.33454508,0.32850775,0.2975772,0.2928416,0.29370776,0.28818542,0.29031458,0.29097095
0.28304887,0.32553947,0.3241569,0.29754812,0.29241043,0.29362935,0.2879637,0.29006705,0.29075477
0.12962304,0.1646096,0.1775368,0.24864826,0.2530412,0.25777522,0.2579616,0.26333004,0.2620398
0.09462042,0.08417463,0.08024429,0.07536006,0.08224338,0.07517345,0.08774294,0.07756044,0.07733789
0.05421002,0.045565866,0.04477725,0.04043305,0.03973158,0.03985715,0.0390732,0.03936426,0.039448224
0.054210294,0.045565896,0.04477725,0.040433053,0.039731577,0.039857145,0.03907319,0.03936426,0.03944822
0.39013997,0.338504,0.3323495,0.30062827,0.29571855,0.29666543,0.29115376,0.29314756,0.29382214
0.28735998,0.32939225,0.32794797,0.3005991,0.2952832,0.29658666,0.29092997,0.2928973,0.29360387
0.1315974,0.16655771,0.17961302,0.2511979,0.25552773,0.26037106,0.2606186,0.26589933,0.26460725
0.08080618,0.073331,0.06948697,0.06587775,0.07322687,0.06585975,0.078346446,0.06855899,0.068296716
0.055036176,0.04610515,0.045300994,0.04084768,0.040121898,0.040258504,0.039475672,0.03974837,0.03983479
0.055060036,0.046109438,0.045301307,0.04084838,0.040122002,0.040258557,0.039475698,0.039748397,0.039834794
0.39145947,0.3402471,0.3339193,0.30217466,0.2973613,0.29819882,0.2930939,0.2946374,0.29531413
0.2883316,0.33108786,0.32949743,0.3021449,0.29692343,0.2981189,0.2928684,0.2943861,0.29509485
0.1320423,0.167415,0.18046159,0.25248978,0.25694665,0.26171687,0.26235554,0.26725066,0.26595104
0.077709176,0.06856391,0.06509153,0.06107471,0.06807936,0.061031617,0.0722047,0.06382567,0.06356599
0.055233072,0.04634376,0.045514997,0.04105819,0.040345144,0.040466912,0.039738964,0.03995068,0.04003716
0.05522414,0.046342757,0.045514908,0.041057725,0.040344767,0.040466607,0.039738685,0.03995038,0.040037047
0.38485622,0.33525038,0.329262,0.2981994,0.29320428,0.2942812,0.28869507,0.29070204,0.29137164
0.2834681,0.32622603,0.32490185,0.29817042,0.292773,0.29420266,0.28847286,0.29045442,0.29115576
0.12981516,0.1649568,0.17794468,0.24916837,0.25335515,0.25827882,0.25841781,0.26368168,0.26240054
0.093255915,0.08223644,0.07813094,0.073421694,0.08110314,0.07336456,0.08612695,0.07632602,0.076065436
0.05430758,0.04566802,0.0448808,0.040521502,0.039783888,0.03993765,0.03914458,0.03941946,0.039503653
0.05429623,0.045662444,0.044880103,0.04051769,0.03978086,0.039935,0.039142344,0.03941681,0.039502602
0.38659874,0.33613172,0.33015898,0.29885593,0.29347238,0.2949047,0.28876987,0.2911654,0.29186037
0.28475198,0.32708356,0.32578683,0.29882672,0.29304028,0.29482576,0.28854802,0.29091662,0.29164428
0.130403,0.16539045,0.17842935,0.24971692,0.25358644,0.25882584,0.25848484,0.2641011,0.26284048
0.08916072,0.0798283,0.07562056,0.07138612,0.08026667,0.07140391,0.08589166,0.0748582,0.0745169
0.054540776,0.04578233,0.045002367,0.040606875,0.039817203,0.040019684,0.039152503,0.03947959,0.039568897
0.054544777,0.04578334,0.045002446,0.040606994,0.039817166,0.040019654,0.03915247,0.03947955,0.039568882
0.39060736,0.3392824,0.33292446,0.3013101,0.29696795,0.29737848,0.29297942,0.2940447,0.29469308
0.28770447,0.33014923,0.32851505,0.30128032,0.29653037,0.29729912,0.2927541,0.29379424,0.29447407
0.13175514,0.16694057,0.17992367,0.25176707,0.25660685,0.2609969,0.2622529,0.2667132,0.26539135
0.079681054,0.07118216,0.067876205,0.06375685,0.06931101,0.063613795,0.072566904,0.06570723,0.065535404
0.055109143,0.04621201,0.045379322,0.04094051,0.04029162,0.040355515,0.03972333,0.039870232,0.039952926
0.055142418,0.04623407,0.045381512,0.040945586,0.040292222,0.04035577,0.039723434,0.039870273,0.0399529
0.389876,0.33821058,0.33219072,0.3003358,0.29535264,0.29631552,0.29102555,0.29268274,0.29334748
0.2871652,0.329106,0.3277917,0.30030605,0.29491773,0.29623634,0.29080182,0.29243332,0.29312992
0.13150813,0.16641307,0.17952731,0.2509534,0.25521082,0.26006404,0.26050374,0.26547778,0.2641798
0.08143958,0.07413813,0.0699314,0.0667881,0.07437367,0.06696104,0.078751825,0.0700347,0.069801144
0.055011664,0.046067763,0.04527957,0.0408091,0.040073194,0.04021185,0.03945897,0.039686188,0.039770752
0.054999758,0.04606525,0.045279328,0.040807854,0.04007221,0.04021104,0.03945827,0.03968538,0.039770454
0.38732585,0.33669686,0.33026144,0.2993074,0.29550526,0.29549903,0.2916026,0.29245326,0.29307333
0.285287,0.32763296,0.32588816,0.29927784,0.29507077,0.29542053,0.2913785,0.29220402,0.29285583
0.13064812,0.16566816,0.17848463,0.25009373,0.25534335,0.2593476,0.2610207,0.26527014,0.2639327
0.087353535,0.078189544,0.07532022,0.06994981,0.07388498,0.06952528,0.07691994,0.070758075,0.0706684
0.054659575,0.045867514,0.04501747,0.040674035,0.04009774,0.040104393,0.03954,0.039658513,0.03973495
0.054725483,0.045944918,0.04502837,0.040697888,0.04009781,0.040102918,0.03953813,0.03965559,0.03973349
0.38575324,0.33501413,0.32916936,0.29773736,0.29290012,0.29374832,0.28895313,0.2901385,0.29077995
0.2841293,0.32599592,0.32480964,0.29770827,0.29246837,0.2936701,0.28873083,0.28989115,0.2905638
0.13011773,0.16484058,0.1778944,0.24878235,0.25309172,0.25781098,0.25864875,0.26316974,0.26186714
0.09113521,0.0828821,0.078391396,0.07485936,0.08205898,0.07504404,0.08531131,0.07811862,0.07794364
0.054435894,0.045634206,0.044867855,0.040457025,0.03974124,0.03986413,0.039178524,0.03934177,0.03942282
0.05442861,0.045632612,0.044867627,0.040455297,0.039739575,0.039862737,0.039177302,0.039340355,0.03942229
0.38836,0.3379711,0.33159962,0.30031982,0.29623333,0.29643956,0.29226118,0.29324466,0.29387745
0.28604868,0.32887346,0.3272086,0.30029023,0.29579708,0.2963605,0.29203603,0.29299453,0.29365915
0.1309969,0.16629536,0.17920782,0.25094005,0.25597218,0.26017293,0.2616104,0.2659874,0.26465663
0.08500632,0.07479251,0.071585745,0.0668376,0.07161325,0.06657081,0.07484094,0.06825056,0.06812236
0.054789897,0.04603304,0.04519886,0.040805902,0.040191934,0.04022803,0.039625913,0.039761636,0.03984229
0.05479804,0.0460348,0.045198984,0.040806074,0.040191833,0.040227942,0.039625816,0.039761536,0.039842244
0.38493782,0.33437395,0.32855186,0.29729912,0.29219094,0.29334626,0.28785565,0.28971168,0.2903786
0.2835277,0.32537284,0.3242013,0.29727018,0.29176077,0.29326802,0.28763416,0.28946504,0.29016265
0.12984261,0.16452524,0.17756073,0.24841605,0.25247929,0.25745812,0.25766647,0.26278338,0.26150608
0.09305643,0.0846336,0.08011889,0.076222405,0.084282026,0.076310836,0.08878645,0.07947462,0.079217374
0.05430606,0.045542967,0.04478334,0.04039538,0.03964342,0.039808184,0.039028566,0.039282642,0.039367896
0.054329563,0.04555064,0.044783983,0.0403968,0.039643552,0.039808217,0.039028566,0.039282627,0.039367877
0.3841279,0.33428344,0.3282162,0.29727417,0.29321018,0.29350197,0.28909042,0.29029277,0.2910196
0.28293136,0.32528448,0.32386988,0.29724512,0.2927783,0.29342368,0.28886798,0.29004523,0.29080337
0.12956929,0.16448054,0.17737935,0.248395,0.25335994,0.25759482,0.258772,0.26330984,0.2620832
0.09470497,0.08437483,0.08094092,0.075566925,0.080556005,0.075263284,0.084352694,0.07694284,0.07685524
0.054465733,0.046043746,0.044855606,0.04112646,0.04031377,0.040387418,0.039720934,0.04004756,0.039783813
0.05420097,0.045533303,0.044737875,0.040392388,0.03978169,0.039829317,0.039195932,0.03936133,0.03945481
0.39184895,0.33965403,0.3339491,0.30144358,0.29541433,0.29727936,0.2904561,0.29318327,0.29389855
0.2886186,0.3305107,0.32952702,0.3014138,0.2949794,0.29720044,0.2902326,0.29293302,0.2936807
0.13217348,0.16712342,0.18047741,0.2518789,0.2552644,0.2609103,0.25999403,0.26593181,0.26467583
0.076791145,0.07018485,0.0650082,0.06334472,0.07417926,0.06392508,0.08055482,0.06844483,0.068054736
0.055287782,0.04626521,0.045519352,0.040960427,0.040082213,0.040343236,0.03938217,0.039754543,0.039845604
0.05528026,0.04626205,0.045518983,0.040958457,0.04008064,0.040341888,0.039381023,0.039753202,0.039845098
0.3887952,0.33781737,0.33177942,0.30011532,0.2950629,0.29613996,0.29030412,0.29256243,0.29324025
0.2863695,0.32872346,0.32738554,0.30008557,0.2946287,0.29606128,0.29008082,0.29231307,0.2930227
0.13114367,0.1662195,0.17930517,0.25076896,0.25496066,0.25991043,0.25985828,0.2653688,0.26408327
0.08395561,0.07519565,0.071080506,0.067457356,0.07526916,0.0675021,0.08102719,0.07040541,0.07013597
0.054887302,0.04603206,0.045226034,0.040794525,0.04004562,0.04019878,0.03936992,0.03968181,0.0397611
0.054848094,0.04601163,0.045223206,0.040777836,0.040032953,0.040187284,0.03936042,0.03966902,0.039755926
0.38836968,0.3365489,0.33068368,0.29887882,0.29398212,0.2948572,0.28971726,0.29127473,0.29192266
0.2860559,0.32748908,0.32630476,0.2988497,0.2935498,0.2947787,0.28949407,0.29102594,0.29170612
0.1310004,0.16559555,0.17871274,0.24973609,0.25402725,0.25878412,0.25933272,0.26420057,0.26289663
0.08498086,0.078682005,0.07414958,0.07131136,0.07866541,0.07155116,0.08289186,0.07450772,0.07431927
0.054802455,0.04584457,0.04507458,0.040613487,0.039889146,0.04001557,0.039282992,0.03949685,0.0395782
0.054790467,0.045839205,0.04507392,0.040609945,0.039886326,0.04001312,0.039280917,0.03949441,0.03957723
0.39024132,0.33893856,0.33293572,0.30113134,0.29523766,0.297141,0.28939447,0.29331145,0.29404932
0.28743455,0.32981423,0.3285262,0.3011017,0.2948028,0.29706162,0.28917196,0.29306117,0.29383105
0.13163158,0.16677095,0.17992993,0.251618,0.25511196,0.2607883,0.25904447,0.26604822,0.26481155
0.080563165,0.072137356,0.067845024,0.06431096,0.07472907,0.064358294,0.08391048,0.06803329,0.06757488
0.055076856,0.046174396,0.045382082,0.04092297,0.04006213,0.040327936,0.039241217,0.0397757,0.039867602
0.055052165,0.046164367,0.04538079,0.040915962,0.0400566,0.04032303,0.039237138,0.039770573,0.03986556
0.39067954,0.33939993,0.3329375,0.3013882,0.29745394,0.2974969,0.29342598,0.29438147,0.2950114
0.28775755,0.33026344,0.3285288,0.30135903,0.29701588,0.297418,0.29320088,0.2941308,0.29479262
0.13177934,0.16699836,0.17993103,0.2518329,0.25702688,0.26110113,0.26265272,0.26701877,0.26567844
0.07948809,0.070856,0.06783712,0.06349719,0.06777358,0.06322755,0.07114137,0.06462294,0.06451989
0.055173725,0.04625405,0.045384634,0.040970784,0.040372733,0.040385082,0.039795257,0.039930474,0.040001888
0.05512154,0.046228047,0.045381166,0.040951014,0.040357325,0.040371366,0.03978377,0.039915737,0.03999598
